provider,model,section,pmcid,chars,sec
openrouter,z-ai/glm-5.2:free,abstract,PMC7673099,1772,2026-09-06 10:41:46
openrouter,minimax/minimax-m3:free,abstract,PMC9118791,2842,2026-09-06 10:42:44
openrouter,minimax/minimax-m3:free,abstract,PMC7673099,2364,2026-09-06 10:52:02
openrouter,minimax/minimax-m3:free,abstract,PMC8164791,2618,2026-09-06 10:52:08
openrouter,minimax/minimax-m3:free,abstract,PMC8895817,2065,2026-09-06 10:52:21
openrouter,minimax/minimax-m3:free,abstract,PMC8881869,2875,2026-09-06 10:52:28
openrouter,minimax/minimax-m3:free,abstract,PMC8348860,2103,2026-09-06 10:52:36
openrouter,minimax/minimax-m3:free,abstract,PMC8650321,2819,2026-09-06 10:52:43
openrouter,minimax/minimax-m3:free,abstract,PMC7528376,2595,2026-09-06 10:52:52
openrouter,minimax/minimax-m3:free,abstract,PMC9134706,1469,2026-09-06 10:52:57
openrouter,minimax/minimax-m3:free,abstract,PMC7852290,1831,2026-09-06 10:53:03
openrouter,minimax/minimax-m3:free,abstract,PMC7664034,2477,2026-09-06 10:53:12
openrouter,minimax/minimax-m3:free,abstract,PMC8274020,2354,2026-09-06 10:53:19
openrouter,minimax/minimax-m3:free,abstract,PMC9171988,2617,2026-09-06 10:53:31
openrouter,minimax/minimax-m3:free,abstract,PMC8686655,1838,2026-09-06 10:53:36
openrouter,minimax/minimax-m3:free,abstract,PMC8650266,1960,2026-09-06 10:53:43
openrouter,minimax/minimax-m3:free,abstract,PMC8401202,2355,2026-09-06 10:53:50
openrouter,minimax/minimax-m3:free,abstract,PMC8842912,1677,2026-09-06 10:53:56
openrouter,minimax/minimax-m3:free,abstract,PMC9107211,2272,2026-09-06 10:54:06
openrouter,minimax/minimax-m3:free,abstract,PMC8600732,2365,2026-09-06 10:54:18
openrouter,minimax/minimax-m3:free,abstract,PMC9092689,2349,2026-09-06 10:54:27
openrouter,minimax/minimax-m3:free,abstract,PMC8626906,2425,2026-09-06 10:54:34
openrouter,minimax/minimax-m3:free,abstract,PMC8365912,2003,2026-09-06 10:54:40
openrouter,minimax/minimax-m3:free,abstract,PMC8961484,2045,2026-09-06 10:54:47
openrouter,minimax/minimax-m3:free,abstract,PMC8361655,2243,2026-09-06 10:54:54
openrouter,minimax/minimax-m3:free,abstract,PMC8818176,1775,2026-09-06 10:55:00
openrouter,minimax/minimax-m3:free,abstract,PMC8513237,1974,2026-09-06 10:55:05
openrouter,minimax/minimax-m3:free,abstract,PMC8454155,1486,2026-09-06 10:55:12
openrouter,minimax/minimax-m3:free,abstract,PMC8351447,2572,2026-09-06 10:55:21
openrouter,minimax/minimax-m3:free,abstract,PMC8254928,2343,2026-09-06 10:55:27
openrouter,minimax/minimax-m3:free,abstract,PMC7913412,2882,2026-09-06 10:55:37
openrouter,minimax/minimax-m3:free,abstract,PMC7579884,1458,2026-09-06 10:55:43
openrouter,minimax/minimax-m3:free,abstract,PMC9125345,2463,2026-09-06 10:55:50
openrouter,minimax/minimax-m3:free,abstract,PMC7507616,2405,2026-09-06 10:56:00
openrouter,minimax/minimax-m3:free,abstract,PMC7941911,2410,2026-09-06 10:56:07
openrouter,minimax/minimax-m3:free,abstract,PMC8734283,2052,2026-09-06 10:56:12
openrouter,minimax/minimax-m3:free,abstract,PMC8254245,2491,2026-09-06 10:56:20
openrouter,minimax/minimax-m3:free,abstract,PMC8380343,1770,2026-09-06 10:56:25
openrouter,minimax/minimax-m3:free,abstract,PMC7509824,1527,2026-09-06 10:56:31
openrouter,minimax/minimax-m3:free,abstract,PMC8793227,2549,2026-09-06 10:56:38
openrouter,minimax/minimax-m3:free,abstract,PMC8351323,2730,2026-09-06 10:56:48
openrouter,minimax/minimax-m3:free,abstract,PMC8785515,1421,2026-09-06 10:56:53
openrouter,minimax/minimax-m3:free,abstract,PMC8819945,1596,2026-09-06 10:56:58
openrouter,minimax/minimax-m3:free,abstract,PMC9137087,1817,2026-09-06 10:57:03
openrouter,minimax/minimax-m3:free,abstract,PMC9245290,1274,2026-09-06 10:57:09
openrouter,minimax/minimax-m3:free,abstract,PMC8862474,2319,2026-09-06 10:57:21
openrouter,minimax/minimax-m3:free,abstract,PMC6389063,2243,2026-09-06 10:57:27
openrouter,minimax/minimax-m3:free,abstract,PMC5998602,1295,2026-09-06 10:57:32
openrouter,minimax/minimax-m3:free,abstract,PMC6399986,1441,2026-09-06 10:57:37
openrouter,minimax/minimax-m3:free,abstract,PMC8917773,2396,2026-09-06 10:57:43
openrouter,minimax/minimax-m3:free,abstract,PMC8424912,2216,2026-09-06 10:57:48
openrouter,minimax/minimax-m3:free,abstract,PMC6921542,1864,2026-09-06 10:57:54
openrouter,minimax/minimax-m3:free,abstract,PMC6724331,2226,2026-09-06 10:58:02
openrouter,minimax/minimax-m3:free,abstract,PMC8764835,1910,2026-09-06 10:58:07
openrouter,minimax/minimax-m3:free,abstract,PMC6440158,2279,2026-09-06 10:58:13
openrouter,minimax/minimax-m3:free,abstract,PMC8725338,2054,2026-09-06 10:58:18
openrouter,minimax/minimax-m3:free,abstract,PMC6138935,2411,2026-09-06 10:58:26
openrouter,minimax/minimax-m3:free,abstract,PMC6704702,2271,2026-09-06 10:58:32
openrouter,minimax/minimax-m3:free,abstract,PMC6091058,1913,2026-09-06 10:58:41
openrouter,minimax/minimax-m3:free,abstract,PMC9219196,1820,2026-09-06 10:58:46
openrouter,minimax/minimax-m3:free,abstract,PMC8359101,1586,2026-09-06 10:58:53
openrouter,minimax/minimax-m3:free,abstract,PMC6379985,1336,2026-09-06 10:58:57
openrouter,minimax/minimax-m3:free,abstract,PMC6417285,2473,2026-09-06 10:59:05
openrouter,minimax/minimax-m3:free,abstract,PMC8474928,1955,2026-09-06 10:59:12
openrouter,minimax/minimax-m3:free,abstract,PMC7812728,2337,2026-09-06 10:59:21
openrouter,minimax/minimax-m3:free,abstract,PMC6986105,2150,2026-09-06 10:59:27
openrouter,minimax/minimax-m3:free,abstract,PMC9026691,2092,2026-09-06 10:59:35
openrouter,minimax/minimax-m3:free,abstract,PMC9074284,963,2026-09-06 10:59:41
openrouter,minimax/minimax-m3:free,abstract,PMC8898472,2938,2026-09-06 10:59:54
openrouter,minimax/minimax-m3:free,abstract,PMC8662860,2532,2026-09-06 11:00:01
openrouter,minimax/minimax-m3:free,abstract,PMC9123656,2836,2026-09-06 11:00:11
openrouter,minimax/minimax-m3:free,abstract,PMC8783422,2208,2026-09-06 11:00:17
openrouter,minimax/minimax-m3:free,abstract,PMC8594118,2354,2026-09-06 11:00:24
openrouter,minimax/minimax-m3:free,abstract,PMC9238042,2151,2026-09-06 11:00:48
openrouter,minimax/minimax-m3:free,abstract,PMC8571885,3249,2026-09-06 11:00:56
openrouter,minimax/minimax-m3:free,abstract,PMC8944004,1702,2026-09-06 11:01:02
openrouter,minimax/minimax-m3:free,abstract,PMC9055774,2317,2026-09-06 11:01:08
openrouter,minimax/minimax-m2.7:free,abstract,PMC9118791,1972,2026-09-06 10:53:10
openrouter,minimax/minimax-m2.7:free,abstract,PMC7673099,1925,2026-09-06 10:53:55
openrouter,minimax/minimax-m2.7:free,abstract,PMC8164791,1476,2026-09-06 10:54:31
openrouter,minimax/minimax-m2.7:free,abstract,PMC8895817,2046,2026-09-06 10:54:55
openrouter,minimax/minimax-m2.7:free,abstract,PMC8881869,2221,2026-09-06 10:55:28
openrouter,minimax/minimax-m2.7:free,abstract,PMC8348860,1415,2026-09-06 10:56:00
openrouter,minimax/minimax-m2.7:free,abstract,PMC8650321,1959,2026-09-06 10:56:29
openrouter,minimax/minimax-m2.7:free,abstract,PMC7528376,1696,2026-09-06 10:57:01
openrouter,minimax/minimax-m2.7:free,abstract,PMC9134706,1915,2026-09-06 10:57:38
openrouter,minimax/minimax-m2.7:free,abstract,PMC7852290,1867,2026-09-06 10:57:59
openrouter,minimax/minimax-m2.7:free,abstract,PMC7664034,2069,2026-09-06 10:58:26
openrouter,minimax/minimax-m2.7:free,abstract,PMC8274020,1985,2026-09-06 10:59:09
openrouter,minimax/minimax-m2.7:free,abstract,PMC9171988,1362,2026-09-06 11:00:44
openrouter,minimax/minimax-m2.7:free,abstract,PMC8686655,1775,2026-09-06 11:01:20
openrouter,minimax/minimax-m2.7:free,abstract,PMC8650266,1429,2026-09-06 11:01:55
openrouter,minimax/minimax-m2.7:free,abstract,PMC8401202,1810,2026-09-06 11:02:28
openrouter,minimax/minimax-m2.7:free,abstract,PMC8842912,1353,2026-09-06 11:03:02
openrouter,minimax/minimax-m2.7:free,abstract,PMC9107211,1871,2026-09-06 11:03:41
openrouter,minimax/minimax-m2.7:free,abstract,PMC8600732,2017,2026-09-06 11:04:30
openrouter,minimax/minimax-m2.7:free,abstract,PMC9092689,2035,2026-09-06 11:04:59
openrouter,minimax/minimax-m2.7:free,abstract,PMC8626906,1841,2026-09-06 11:05:44
openrouter,minimax/minimax-m2.7:free,abstract,PMC8365912,1460,2026-09-06 11:06:38
openrouter,minimax/minimax-m2.7:free,abstract,PMC8961484,1936,2026-09-06 11:07:05
openrouter,minimax/minimax-m2.7:free,abstract,PMC8361655,2215,2026-09-06 11:07:29
openrouter,minimax/minimax-m2.7:free,abstract,PMC8818176,1351,2026-09-06 11:08:03
openrouter,minimax/minimax-m3:free,abstract,PMC9123752,2384,2026-09-06 11:01:15
openrouter,minimax/minimax-m3:free,abstract,PMC8722042,1991,2026-09-06 11:01:23
openrouter,minimax/minimax-m3:free,abstract,PMC9214980,1858,2026-09-06 11:01:30
openrouter,minimax/minimax-m3:free,abstract,PMC8684631,2868,2026-09-06 11:01:44
openrouter,minimax/minimax-m3:free,abstract,PMC8939149,2039,2026-09-06 11:01:58
openrouter,minimax/minimax-m3:free,abstract,PMC8564960,1591,2026-09-06 11:02:04
openrouter,minimax/minimax-m3:free,abstract,PMC8851790,2105,2026-09-06 11:02:10
openrouter,minimax/minimax-m3:free,abstract,PMC8518225,2669,2026-09-06 11:02:17
openrouter,minimax/minimax-m3:free,abstract,PMC9245282,2151,2026-09-06 11:02:24
openrouter,minimax/minimax-m3:free,abstract,PMC8841078,1941,2026-09-06 11:02:31
openrouter,minimax/minimax-m3:free,abstract,PMC8962079,1671,2026-09-06 11:02:37
openrouter,minimax/minimax-m3:free,abstract,PMC9238050,2255,2026-09-06 11:02:45
openrouter,minimax/minimax-m3:free,abstract,PMC8722180,2814,2026-09-06 11:02:53
openrouter,minimax/minimax-m3:free,abstract,PMC8892802,3122,2026-09-06 11:03:07
openrouter,minimax/minimax-m3:free,abstract,PMC8756657,1971,2026-09-06 11:03:14
openrouter,minimax/minimax-m3:free,abstract,PMC9063072,1138,2026-09-06 11:03:18
openrouter,minimax/minimax-m3:free,abstract,PMC8555350,2486,2026-09-06 11:03:24
openrouter,minimax/minimax-m3:free,abstract,PMC8822700,2217,2026-09-06 11:03:47
openrouter,minimax/minimax-m3:free,abstract,PMC8722263,3063,2026-09-06 11:03:56
openrouter,minimax/minimax-m3:free,abstract,PMC8565069,2616,2026-09-06 11:04:03
openrouter,minimax/minimax-m3:free,abstract,PMC8790913,1603,2026-09-06 11:04:08
openrouter,minimax/minimax-m3:free,abstract,PMC8722169,2163,2026-09-06 11:04:14
openrouter,minimax/minimax-m3:free,abstract,PMC8818194,3192,2026-09-06 11:04:24
openrouter,minimax/minimax-m3:free,abstract,PMC9009002,1717,2026-09-06 11:04:32
openrouter,minimax/minimax-m2.7:free,abstract,PMC8513237,1764,2026-09-06 11:08:40
openrouter,minimax/minimax-m2.7:free,abstract,PMC8454155,1235,2026-09-06 11:09:03
openrouter,minimax/minimax-m2.7:free,abstract,PMC8351447,2456,2026-09-06 11:09:41
openrouter,minimax/minimax-m2.7:free,abstract,PMC8254928,2420,2026-09-06 11:10:11
openrouter,minimax/minimax-m2.7:free,abstract,PMC7913412,2264,2026-09-06 11:10:36
openrouter,minimax/minimax-m2.7:free,abstract,PMC7579884,1504,2026-09-06 11:10:49
openrouter,minimax/minimax-m2.7:free,abstract,PMC9125345,1783,2026-09-06 11:11:33
openrouter,minimax/minimax-m2.7:free,abstract,PMC7507616,1797,2026-09-06 11:11:57
openrouter,minimax/minimax-m2.7:free,abstract,PMC7941911,1653,2026-09-06 11:12:45
openrouter,minimax/minimax-m2.7:free,abstract,PMC8734283,2061,2026-09-06 11:13:11
openrouter,minimax/minimax-m2.7:free,abstract,PMC8254245,2254,2026-09-06 11:13:30
openrouter,minimax/minimax-m2.7:free,abstract,PMC8380343,1940,2026-09-06 11:14:07
openrouter,minimax/minimax-m2.7:free,abstract,PMC7509824,1237,2026-09-06 11:14:23
openrouter,minimax/minimax-m2.7:free,abstract,PMC8793227,1913,2026-09-06 11:14:52
openrouter,minimax/minimax-m2.7:free,abstract,PMC8351323,1542,2026-09-06 11:15:09
openrouter,minimax/minimax-m2.7:free,abstract,PMC8785515,1473,2026-09-06 11:15:25
openrouter,minimax/minimax-m2.7:free,abstract,PMC8819945,2068,2026-09-06 11:15:44
openrouter,minimax/minimax-m2.7:free,abstract,PMC9137087,1136,2026-09-06 11:16:17
openrouter,minimax/minimax-m2.7:free,abstract,PMC9245290,1697,2026-09-06 11:16:54
openrouter,minimax/minimax-m2.7:free,abstract,PMC8862474,2374,2026-09-06 11:17:24
openrouter,minimax/minimax-m2.7:free,abstract,PMC6389063,2431,2026-09-06 11:18:14
openrouter,minimax/minimax-m2.7:free,abstract,PMC5998602,1224,2026-09-06 11:18:53
openrouter,minimax/minimax-m2.7:free,abstract,PMC6399986,1553,2026-09-06 11:19:10
openrouter,minimax/minimax-m2.7:free,abstract,PMC8917773,1978,2026-09-06 11:21:08
openrouter,minimax/minimax-m2.7:free,abstract,PMC8424912,2835,2026-09-06 11:22:13
openrouter,minimax/minimax-m2.7:free,abstract,PMC6921542,2091,2026-09-06 11:22:42
openrouter,minimax/minimax-m2.7:free,abstract,PMC6724331,1757,2026-09-06 11:23:23
openrouter,minimax/minimax-m2.7:free,abstract,PMC8764835,1859,2026-09-06 11:23:49
openrouter,minimax/minimax-m2.7:free,abstract,PMC6440158,2145,2026-09-06 11:24:27
openrouter,minimax/minimax-m2.7:free,abstract,PMC8725338,1842,2026-09-06 11:25:08
openrouter,minimax/minimax-m2.7:free,abstract,PMC6138935,1661,2026-09-06 11:25:46
openrouter,minimax/minimax-m2.7:free,abstract,PMC6704702,1680,2026-09-06 11:26:45
openrouter,minimax/minimax-m2.7:free,abstract,PMC6091058,1385,2026-09-06 11:27:08
openrouter,minimax/minimax-m2.7:free,abstract,PMC9219196,1496,2026-09-06 11:28:15
openrouter,minimax/minimax-m2.7:free,abstract,PMC8359101,1974,2026-09-06 11:28:41
openrouter,minimax/minimax-m2.7:free,abstract,PMC6379985,1339,2026-09-06 11:29:07
openrouter,minimax/minimax-m2.7:free,abstract,PMC6417285,1742,2026-09-06 11:29:35
openrouter,minimax/minimax-m2.7:free,abstract,PMC8474928,1832,2026-09-06 11:29:54
openrouter,minimax/minimax-m2.7:free,abstract,PMC7812728,1796,2026-09-06 11:30:31
openrouter,minimax/minimax-m2.7:free,abstract,PMC6986105,1479,2026-09-06 11:30:47
openrouter,minimax/minimax-m2.7:free,abstract,PMC9026691,2487,2026-09-06 11:31:20
openrouter,minimax/minimax-m2.7:free,abstract,PMC9074284,1905,2026-09-06 11:32:07
openrouter,minimax/minimax-m2.7:free,abstract,PMC8898472,2054,2026-09-06 11:32:55
openrouter,minimax/minimax-m2.7:free,abstract,PMC8662860,2305,2026-09-06 11:33:15
openrouter,minimax/minimax-m2.7:free,abstract,PMC9123656,2205,2026-09-06 11:33:43
openrouter,minimax/minimax-m2.7:free,abstract,PMC8783422,1814,2026-09-06 11:34:10
openrouter,minimax/minimax-m2.7:free,abstract,PMC8594118,2232,2026-09-06 11:34:59
openrouter,minimax/minimax-m2.7:free,abstract,PMC9238042,1955,2026-09-06 11:35:26
openrouter,minimax/minimax-m2.7:free,abstract,PMC8571885,2347,2026-09-06 11:35:57
openrouter,minimax/minimax-m2.7:free,abstract,PMC8944004,1374,2026-09-06 11:36:15
openrouter,minimax/minimax-m2.7:free,introduction,PMC9238050,3768,2026-09-06 11:39:06
openrouter,minimax/minimax-m2.7:free,introduction,PMC8361655,3141,2026-09-06 11:39:35
openrouter,minimax/minimax-m2.7:free,introduction,PMC9240056,3011,2026-09-06 11:40:01
openrouter,minimax/minimax-m2.7:free,introduction,PMC9237060,2448,2026-09-06 11:40:47
openrouter,minimax/minimax-m2.7:free,introduction,PMC6945609,4097,2026-09-06 11:41:23
openrouter,minimax/minimax-m2.7:free,introduction,PMC8865498,2872,2026-09-06 11:41:37
openrouter,minimax/minimax-m2.7:free,introduction,PMC8556256,3904,2026-09-06 11:42:09
openrouter,minimax/minimax-m2.7:free,introduction,PMC9203258,3934,2026-09-06 11:42:35
openrouter,minimax/minimax-m2.7:free,introduction,PMC8991250,2921,2026-09-06 11:43:01
openrouter,minimax/minimax-m2.7:free,introduction,PMC9220983,3828,2026-09-06 11:43:42
openrouter,minimax/minimax-m2.7:free,introduction,PMC9208754,3705,2026-09-06 11:44:10
openrouter,minimax/minimax-m2.7:free,introduction,PMC7793280,3077,2026-09-06 11:44:41
openrouter,minimax/minimax-m2.7:free,introduction,PMC8827084,3378,2026-09-06 11:45:07
openrouter,minimax/minimax-m2.7:free,introduction,PMC9238042,3616,2026-09-06 11:45:35
openrouter,minimax/minimax-m2.7:free,introduction,PMC9132894,4172,2026-09-06 11:46:24
openrouter,minimax/minimax-m2.7:free,introduction,PMC8650266,3008,2026-09-06 11:46:48
openrouter,minimax/minimax-m2.7:free,introduction,PMC8837780,2719,2026-09-06 11:47:24
openrouter,minimax/minimax-m2.7:free,introduction,PMC8983684,3063,2026-09-06 11:48:09
openrouter,minimax/minimax-m2.7:free,introduction,PMC8831621,2807,2026-09-06 11:48:58
openrouter,minimax/minimax-m2.7:free,introduction,PMC8963886,3178,2026-09-06 11:49:33
openrouter,minimax/minimax-m2.7:free,introduction,PMC9140047,3372,2026-09-06 11:50:22
openrouter,minimax/minimax-m2.7:free,introduction,PMC8507136,3351,2026-09-06 11:50:49
openrouter,minimax/minimax-m2.7:free,introduction,PMC9171988,2712,2026-09-06 11:51:23
openrouter,minimax/minimax-m2.7:free,introduction,PMC8613192,3859,2026-09-06 11:51:48
openrouter,minimax/minimax-m2.7:free,introduction,PMC8447786,2792,2026-09-06 11:52:44
openrouter,minimax/minimax-m2.7:free,introduction,PMC9010460,2830,2026-09-06 11:53:15
openrouter,minimax/minimax-m2.7:free,introduction,PMC9209510,2916,2026-09-06 11:53:42
openrouter,minimax/minimax-m2.7:free,introduction,PMC9226052,3217,2026-09-06 11:54:17
openrouter,minimax/minimax-m2.7:free,introduction,PMC7871948,3501,2026-09-06 11:54:52
openrouter,minimax/minimax-m2.7:free,introduction,PMC8684162,2638,2026-09-06 11:55:20
openrouter,minimax/minimax-m2.7:free,introduction,PMC9184637,3106,2026-09-06 11:55:34
openrouter,minimax/minimax-m2.7:free,introduction,PMC9151786,3426,2026-09-06 11:56:13
openrouter,minimax/minimax-m2.7:free,introduction,PMC7472582,3211,2026-09-06 11:56:32
openrouter,minimax/minimax-m2.7:free,introduction,PMC7723294,3456,2026-09-06 11:56:56
openrouter,minimax/minimax-m2.7:free,introduction,PMC7788790,4110,2026-09-06 11:57:18
openrouter,minimax/minimax-m2.7:free,introduction,PMC8670126,3180,2026-09-06 11:57:53
openrouter,minimax/minimax-m2.7:free,introduction,PMC5956618,2624,2026-09-06 11:58:07
openrouter,minimax/minimax-m2.7:free,introduction,PMC7792100,3453,2026-09-06 11:58:38
openrouter,minimax/minimax-m2.7:free,introduction,PMC8751199,4265,2026-09-06 11:59:15
openrouter,minimax/minimax-m2.7:free,introduction,PMC8764818,3413,2026-09-06 11:59:37
openrouter,minimax/minimax-m2.7:free,introduction,PMC9174259,3566,2026-09-06 12:00:09
openrouter,minimax/minimax-m2.7:free,introduction,PMC9171493,4449,2026-09-06 12:00:33
openrouter,minimax/minimax-m2.7:free,introduction,PMC6797223,3235,2026-09-06 12:01:05
openrouter,minimax/minimax-m2.7:free,introduction,PMC8579610,3059,2026-09-06 12:01:29
openrouter,minimax/minimax-m2.7:free,introduction,PMC6651939,3306,2026-09-06 12:02:14
openrouter,minimax/minimax-m2.7:free,introduction,PMC9249392,3017,2026-09-06 12:03:15
openrouter,minimax/minimax-m2.7:free,introduction,PMC8764835,3895,2026-09-06 12:03:35
openrouter,minimax/minimax-m2.7:free,introduction,PMC9021256,3262,2026-09-06 12:04:04
openrouter,minimax/minimax-m2.7:free,introduction,PMC9243032,3068,2026-09-06 12:04:19
openrouter,minimax/minimax-m2.7:free,introduction,PMC9232529,3779,2026-09-06 12:04:55
openrouter,minimax/minimax-m2.7:free,introduction,PMC7060619,3420,2026-09-06 12:05:25
openrouter,minimax/minimax-m2.7:free,introduction,PMC8555350,3203,2026-09-06 12:05:54
openrouter,minimax/minimax-m2.7:free,introduction,PMC9123656,2492,2026-09-06 12:06:07
openrouter,minimax/minimax-m2.7:free,introduction,PMC9209451,3641,2026-09-06 12:06:46
openrouter,minimax/minimax-m2.7:free,introduction,PMC7541325,3283,2026-09-06 12:07:19
openrouter,minimax/minimax-m2.7:free,introduction,PMC6173937,2729,2026-09-06 12:07:58
openrouter,minimax/minimax-m2.7:free,introduction,PMC9162332,3333,2026-09-06 12:08:18
openrouter,minimax/minimax-m2.7:free,introduction,PMC7941911,3635,2026-09-06 12:08:46
openrouter,minimax/minimax-m2.7:free,introduction,PMC8790913,3920,2026-09-06 12:09:02
openrouter,minimax/minimax-m2.7:free,introduction,PMC8474928,2588,2026-09-06 12:09:13
openrouter,minimax/minimax-m2.7:free,introduction,PMC8812018,3379,2026-09-06 12:09:36
openrouter,minimax/minimax-m2.7:free,introduction,PMC9134706,3322,2026-09-06 12:10:03
openrouter,minimax/minimax-m2.7:free,introduction,PMC8117302,2712,2026-09-06 12:10:30
openrouter,minimax/minimax-m2.7:free,introduction,PMC8401202,4001,2026-09-06 12:11:07
openrouter,minimax/minimax-m2.7:free,introduction,PMC9179546,3439,2026-09-06 12:11:37
openrouter,minimax/minimax-m2.7:free,introduction,PMC8651821,3067,2026-09-06 12:11:56
openrouter,minimax/minimax-m2.7:free,introduction,PMC7026120,3509,2026-09-06 12:12:20
openrouter,minimax/minimax-m2.7:free,introduction,PMC8033742,2952,2026-09-06 12:12:55
openrouter,minimax/minimax-m2.7:free,introduction,PMC9226126,3615,2026-09-06 12:13:23
openrouter,minimax/minimax-m2.7:free,introduction,PMC7874477,2607,2026-09-06 12:13:51
openrouter,minimax/minimax-m2.7:free,introduction,PMC9184527,2952,2026-09-06 12:14:05
openrouter,minimax/minimax-m2.7:free,introduction,PMC8686655,3849,2026-09-06 12:14:48
openrouter,minimax/minimax-m2.7:free,introduction,PMC9129914,3474,2026-09-06 12:15:13
openrouter,minimax/minimax-m2.7:free,introduction,PMC7106831,3429,2026-09-06 12:15:43
openrouter,minimax/minimax-m2.7:free,introduction,PMC9246365,2877,2026-09-06 12:16:01
openrouter,minimax/minimax-m2.7:free,introduction,PMC8810793,2890,2026-09-06 12:16:43
openrouter,minimax/minimax-m2.7:free,introduction,PMC9206016,3108,2026-09-06 12:17:18
openrouter,minimax/minimax-m2.7:free,introduction,PMC9264980,2663,2026-09-06 12:17:36
openrouter,minimax/minimax-m2.7:free,introduction,PMC8818176,2136,2026-09-06 12:17:55
openrouter,minimax/minimax-m2.7:free,introduction,PMC9074288,4001,2026-09-06 12:18:24
openrouter,minimax/minimax-m2.7:free,introduction,PMC8837202,3245,2026-09-06 12:19:19
openrouter,minimax/minimax-m2.7:free,introduction,PMC7796595,3138,2026-09-06 12:19:46
openrouter,minimax/minimax-m2.7:free,introduction,PMC9125938,3234,2026-09-06 12:20:35
openrouter,minimax/minimax-m2.7:free,introduction,PMC6857288,3319,2026-09-06 12:21:06
openrouter,minimax/minimax-m2.7:free,introduction,PMC8497537,3491,2026-09-06 12:22:09
openrouter,minimax/minimax-m2.7:free,introduction,PMC9066770,2495,2026-09-06 12:23:10
openrouter,minimax/minimax-m2.7:free,introduction,PMC7025413,3476,2026-09-06 12:23:40
openrouter,minimax/minimax-m2.7:free,introduction,PMC8348860,3462,2026-09-06 12:24:06
openrouter,minimax/minimax-m2.7:free,introduction,PMC8143427,3787,2026-09-06 12:24:37
openrouter,minimax/minimax-m2.7:free,introduction,PMC8600732,3531,2026-09-06 12:25:04
openrouter,minimax/minimax-m2.7:free,introduction,PMC7815211,3657,2026-09-06 12:25:36
openrouter,minimax/minimax-m2.7:free,introduction,PMC8639830,2380,2026-09-06 12:27:25
openrouter,minimax/minimax-m2.7:free,introduction,PMC8516970,3694,2026-09-06 12:28:18
openrouter,minimax/minimax-m2.7:free,introduction,PMC9246976,3119,2026-09-06 12:28:44
openrouter,minimax/minimax-m2.7:free,introduction,PMC9173744,3403,2026-09-06 12:29:04
openrouter,minimax/minimax-m2.7:free,introduction,PMC9233708,3580,2026-09-06 12:29:27
openrouter,minimax/minimax-m2.7:free,introduction,PMC9137087,2587,2026-09-06 12:29:43
openrouter,minimax/minimax-m2.7:free,introduction,PMC9179543,3148,2026-09-06 12:30:23
openrouter,minimax/minimax-m2.7:free,introduction,PMC8201469,3196,2026-09-06 12:30:49
openrouter,minimax/minimax-m2.7:free,introduction,PMC8824477,3386,2026-09-06 12:31:06
openrouter,minimax/minimax-m2.7:free,discussion,PMC9238050,4865,2026-09-06 12:33:56
openrouter,minimax/minimax-m2.7:free,discussion,PMC8361655,5141,2026-09-06 12:34:39
openrouter,minimax/minimax-m2.7:free,discussion,PMC9240056,3082,2026-09-06 12:35:20
openrouter,minimax/minimax-m2.7:free,discussion,PMC9237060,4573,2026-09-06 12:35:59
openrouter,minimax/minimax-m2.7:free,discussion,PMC6945609,5150,2026-09-06 12:36:28
openrouter,minimax/minimax-m2.7:free,discussion,PMC8865498,4817,2026-09-06 12:36:51
openrouter,minimax/minimax-m2.7:free,discussion,PMC8556256,5400,2026-09-06 12:37:32
openrouter,minimax/minimax-m2.7:free,discussion,PMC9203258,4560,2026-09-06 12:37:50
openrouter,minimax/minimax-m2.7:free,discussion,PMC8991250,4807,2026-09-06 12:38:23
openrouter,minimax/minimax-m2.7:free,discussion,PMC9220983,6897,2026-09-06 12:39:00
openrouter,minimax/minimax-m2.7:free,discussion,PMC9208754,4455,2026-09-06 12:39:19
openrouter,minimax/minimax-m2.7:free,discussion,PMC7793280,4958,2026-09-06 12:39:46
openrouter,minimax/minimax-m2.7:free,discussion,PMC8827084,4520,2026-09-06 12:40:15
openrouter,minimax/minimax-m2.7:free,discussion,PMC9238042,3831,2026-09-06 12:40:42
openrouter,minimax/minimax-m2.7:free,discussion,PMC9132894,5116,2026-09-06 12:41:33
openrouter,minimax/minimax-m2.7:free,discussion,PMC8650266,5942,2026-09-06 12:42:08
openrouter,minimax/minimax-m2.7:free,discussion,PMC8837780,4085,2026-09-06 12:42:55
openrouter,minimax/minimax-m2.7:free,discussion,PMC8983684,5451,2026-09-06 12:43:35
openrouter,minimax/minimax-m2.7:free,discussion,PMC8831621,5928,2026-09-06 12:44:12
openrouter,minimax/minimax-m2.7:free,discussion,PMC8963886,4002,2026-09-06 12:44:54
openrouter,minimax/minimax-m2.7:free,discussion,PMC9140047,4293,2026-09-06 12:45:16
openrouter,minimax/minimax-m2.7:free,discussion,PMC8507136,4081,2026-09-06 12:45:49
openrouter,minimax/minimax-m2.7:free,discussion,PMC9171988,4127,2026-09-06 12:46:10
openrouter,minimax/minimax-m2.7:free,discussion,PMC8613192,7287,2026-09-06 12:46:59
openrouter,minimax/minimax-m2.7:free,discussion,PMC8447786,5209,2026-09-06 12:47:35
openrouter,minimax/minimax-m2.7:free,discussion,PMC9021256,4914,2026-09-06 13:00:44
openrouter,minimax/minimax-m2.7:free,discussion,PMC9243032,4414,2026-09-06 13:01:15
openrouter,minimax/minimax-m2.7:free,discussion,PMC9232529,4495,2026-09-06 13:01:39
openrouter,minimax/minimax-m2.7:free,discussion,PMC7060619,5143,2026-09-06 13:02:25
openrouter,minimax/minimax-m2.7:free,discussion,PMC8555350,4403,2026-09-06 13:02:48
openrouter,minimax/minimax-m2.7:free,discussion,PMC9123656,3127,2026-09-06 13:03:25
openrouter,minimax/minimax-m2.7:free,discussion,PMC9209451,4778,2026-09-06 13:04:21
openrouter,minimax/minimax-m2.7:free,discussion,PMC7541325,4093,2026-09-06 13:05:00
openrouter,minimax/minimax-m2.7:free,discussion,PMC6173937,4381,2026-09-06 13:05:30
openrouter,minimax/minimax-m2.7:free,discussion,PMC9162332,5000,2026-09-06 13:05:48
openrouter,minimax/minimax-m2.7:free,discussion,PMC7941911,6317,2026-09-06 13:06:20
openrouter,minimax/minimax-m2.7:free,discussion,PMC8790913,6211,2026-09-06 13:07:10
openrouter,minimax/minimax-m2.7:free,discussion,PMC8474928,4869,2026-09-06 13:07:38
openrouter,minimax/minimax-m2.7:free,discussion,PMC8812018,4638,2026-09-06 13:08:03
openrouter,minimax/minimax-m2.7:free,discussion,PMC9134706,4046,2026-09-06 13:08:44
openrouter,minimax/minimax-m2.7:free,discussion,PMC8117302,4748,2026-09-06 13:09:25
openrouter,minimax/minimax-m2.7:free,discussion,PMC8401202,5496,2026-09-06 13:09:57
openrouter,minimax/minimax-m2.7:free,discussion,PMC9179546,5249,2026-09-06 13:10:25
openrouter,minimax/minimax-m2.7:free,discussion,PMC8651821,4330,2026-09-06 13:10:49
openrouter,minimax/minimax-m2.7:free,discussion,PMC7026120,4765,2026-09-06 13:11:08
openrouter,minimax/minimax-m2.7:free,discussion,PMC8033742,4015,2026-09-06 13:11:28
openrouter,minimax/minimax-m2.7:free,discussion,PMC9226126,5783,2026-09-06 13:11:58
openrouter,minimax/minimax-m2.7:free,discussion,PMC7874477,4706,2026-09-06 13:12:29
openrouter,minimax/minimax-m2.7:free,discussion,PMC9184527,4814,2026-09-06 13:12:54
openrouter,minimax/minimax-m2.7:free,discussion,PMC8686655,5146,2026-09-06 13:13:15
